date,Team_1,Team_2,winner,Margin,Ground
2008-04-19,Chennai Super Kings,Kings XI Punjab,Chennai Super Kings,33 runs,Chandigarh
2008-04-23,Chennai Super Kings,Mumbai Indians,Chennai Super Kings,6 runs,Chennai
2008-04-26,Kolkata Knight Riders,Chennai Super Kings,Chennai Super Kings,9 wickets,Chennai
2008-04-28,Chennai Super Kings,Royal Challengers Bangalore,Chennai Super Kings,13 runs,Bangalore
2008-05-08,Delhi Daredevils,Chennai Super Kings,Chennai Super Kings,4 wickets,Delhi
2008-05-10,Chennai Super Kings,Kings XI Punjab,Chennai Super Kings,18 runs,Chennai
2008-05-18,Kolkata Knight Riders,Chennai Super Kings,Chennai Super Kings,3 runs,Kolkata
2008-05-27,Deccan Chargers,Chennai Super Kings,Chennai Super Kings,7 wickets,Hyderabad
2008-05-31,Kings XI Punjab,Chennai Super Kings,Chennai Super Kings,9 wickets,Mumbai
2009-04-20,Chennai Super Kings,Royal Challengers Bangalore,Chennai Super Kings,92 runs,Port Elizabeth
2009-04-30,Chennai Super Kings,Rajasthan Royals,Chennai Super Kings,38 runs,Centurion
2009-05-02,Chennai Super Kings,Delhi Daredevils,Chennai Super Kings,18 runs,Johannesburg
2009-05-04,Chennai Super Kings,Deccan Chargers,Chennai Super Kings,78 runs,East London
2009-05-07,Chennai Super Kings,Kings XI Punjab,Chennai Super Kings,12 runs,Centurion
2009-05-09,Rajasthan Royals,Chennai Super Kings,Chennai Super Kings,7 wickets,Kimberley
2009-05-16,Mumbai Indians,Chennai Super Kings,Chennai Super Kings,7 wickets,Port Elizabeth
2009-05-20,Chennai Super Kings,Kings XI Punjab,Chennai Super Kings,24 runs,Durban
2010-03-16,Chennai Super Kings,Kolkata Knight Riders,Chennai Super Kings,55 runs,Kolkata
2010-03-19,Delhi Daredevils,Chennai Super Kings,Chennai Super Kings,5 wickets,Delhi
2010-03-31,Royal Challengers Bangalore,Chennai Super Kings,Chennai Super Kings,5 wickets,Chennai
2010-04-03,Chennai Super Kings,Rajasthan Royals,Chennai Super Kings,23 runs,Chennai
2010-04-06,Chennai Super Kings,Mumbai Indians,Chennai Super Kings,24 runs,Chennai
2010-04-13,Kolkata Knight Riders,Chennai Super Kings,Chennai Super Kings,9 wickets,Chennai
2010-04-18,Kings XI Punjab,Chennai Super Kings,Chennai Super Kings,6 wickets,Dharamsala
2010-04-22,Chennai Super Kings,Deccan Chargers,Chennai Super Kings,38 runs,Mumbai
2010-04-25,Chennai Super Kings,Mumbai Indians,Chennai Super Kings,22 runs,Mumbai
2011-04-08,Chennai Super Kings,Kolkata Knight Riders,Chennai Super Kings,2 runs,Chennai
2011-04-16,Chennai Super Kings,Royal Challengers Bangalore,Chennai Super Kings,21 runs,Chennai
2011-04-25,Chennai Super Kings,Pune Warriors,Chennai Super Kings,25 runs,Chennai
2011-04-27,Pune Warriors,Chennai Super Kings,Chennai Super Kings,8 wickets,Mumbai
2011-05-01,Chennai Super Kings,Deccan Chargers,Chennai Super Kings,19 runs,Chennai
2011-05-04,Rajasthan Royals,Chennai Super Kings,Chennai Super Kings,8 wickets,Chennai
2011-05-09,Chennai Super Kings,Rajasthan Royals,Chennai Super Kings,63 runs,Jaipur
2011-05-12,Chennai Super Kings,Delhi Daredevils,Chennai Super Kings,18 runs,Chennai
2011-05-18,Chennai Super Kings,Kochi Tuskers Kerala,Chennai Super Kings,11 runs,Chennai
2011-05-24,Royal Challengers Bangalore,Chennai Super Kings,Chennai Super Kings,6 wickets,Mumbai
2011-05-28,Chennai Super Kings,Royal Challengers Bangalore,Chennai Super Kings,58 runs,Chennai
2012-04-07,Chennai Super Kings,Deccan Chargers,Chennai Super Kings,74 runs,Visakhapatnam
2012-04-12,Royal Challengers Bangalore,Chennai Super Kings,Chennai Super Kings,5 wickets,Chennai
2012-04-19,Chennai Super Kings,Pune Warriors,Chennai Super Kings,13 runs,Chennai
2012-04-21,Rajasthan Royals,Chennai Super Kings,Chennai Super Kings,7 wickets,Chennai
2012-05-04,Chennai Super Kings,Deccan Chargers,Chennai Super Kings,10 runs,Chennai
2012-05-10,Rajasthan Royals,Chennai Super Kings,Chennai Super Kings,4 wickets,Jaipur
2012-05-12,Delhi Daredevils,Chennai Super Kings,Chennai Super Kings,9 wickets,Chennai
2012-05-14,Kolkata Knight Riders,Chennai Super Kings,Chennai Super Kings,5 wickets,Kolkata
2012-05-23,Chennai Super Kings,Mumbai Indians,Chennai Super Kings,38 runs,Bangalore
2012-05-25,Chennai Super Kings,Delhi Daredevils,Chennai Super Kings,86 runs,Chennai
2013-04-10,Kings XI Punjab,Chennai Super Kings,Chennai Super Kings,10 wickets,Chandigarh
2013-04-13,Royal Challengers Bangalore,Chennai Super Kings,Chennai Super Kings,4 wickets,Chennai
2013-04-18,Chennai Super Kings,Delhi Daredevils,Chennai Super Kings,86 runs,Delhi
2013-04-20,Kolkata Knight Riders,Chennai Super Kings,Chennai Super Kings,4 wickets,Kolkata
2013-04-22,Rajasthan Royals,Chennai Super Kings,Chennai Super Kings,5 wickets,Chennai
2013-04-25,Sunrisers Hyderabad,Chennai Super Kings,Chennai Super Kings,5 wickets,Chennai
2013-04-28,Chennai Super Kings,Kolkata Knight Riders,Chennai Super Kings,14 runs,Chennai
2013-04-30,Chennai Super Kings,Pune Warriors,Chennai Super Kings,37 runs,Pune
2013-05-02,Chennai Super Kings,Kings XI Punjab,Chennai Super Kings,15 runs,Chennai
2013-05-08,Chennai Super Kings,Sunrisers Hyderabad,Chennai Super Kings,77 runs,Hyderabad
2013-05-14,Chennai Super Kings,Delhi Daredevils,Chennai Super Kings,33 runs,Chennai
2013-05-21,Chennai Super Kings,Mumbai Indians,Chennai Super Kings,48 runs,Delhi
2014-04-21,Chennai Super Kings,Delhi Daredevils,Chennai Super Kings,93 runs,Abu Dhabi
2014-04-23,Chennai Super Kings,Rajasthan Royals,Chennai Super Kings,7 runs,Dubai
2014-04-25,Mumbai Indians,Chennai Super Kings,Chennai Super Kings,7 wickets,Dubai
2014-04-27,Sunrisers Hyderabad,Chennai Super Kings,Chennai Super Kings,5 wickets,Sharjah
2014-05-02,Chennai Super Kings,Kolkata Knight Riders,Chennai Super Kings,34 runs,Ranchi
2014-05-05,Delhi Daredevils,Chennai Super Kings,Chennai Super Kings,0 runs,Delhi
2014-05-10,Mumbai Indians,Chennai Super Kings,Chennai Super Kings,4 wickets,Mumbai
2014-05-13,Rajasthan Royals,Chennai Super Kings,Chennai Super Kings,5 wickets,Ranchi
2014-05-24,Royal Challengers Bangalore,Chennai Super Kings,Chennai Super Kings,8 wickets,Bangalore
2014-05-28,Mumbai Indians,Chennai Super Kings,Chennai Super Kings,7 wickets,Mumbai
2015-04-09,Chennai Super Kings,Delhi Daredevils,Chennai Super Kings,1 runs,Chennai
2015-04-11,Chennai Super Kings,Sunrisers Hyderabad,Chennai Super Kings,45 runs,Chennai
2015-04-17,Mumbai Indians,Chennai Super Kings,Chennai Super Kings,6 wickets,Mumbai
2015-04-22,Chennai Super Kings,Royal Challengers Bangalore,Chennai Super Kings,27 runs,Bangalore
2015-04-25,Chennai Super Kings,Kings XI Punjab,Chennai Super Kings,97 runs,Chennai
2015-04-28,Chennai Super Kings,Kolkata Knight Riders,Chennai Super Kings,2 runs,Chennai
2015-05-04,Chennai Super Kings,Royal Challengers Bangalore,Chennai Super Kings,24 runs,Chennai
2015-05-10,Chennai Super Kings,Rajasthan Royals,Chennai Super Kings,12 runs,Chennai
2015-05-16,Kings XI Punjab,Chennai Super Kings,Chennai Super Kings,7 wickets,Chandigarh
2015-05-22,Royal Challengers Bangalore,Chennai Super Kings,Chennai Super Kings,3 wickets,Ranchi
2018-04-20,Chennai Super Kings,Rajasthan Royals,Chennai Super Kings,64 runs,Pune
2018-04-22,Chennai Super Kings,Sunrisers Hyderabad,Chennai Super Kings,4 runs,Hyderabad
2018-04-25,Royal Challengers Bangalore,Chennai Super Kings,Chennai Super Kings,5 wickets,Bengaluru
2018-04-30,Chennai Super Kings,Delhi Daredevils,Chennai Super Kings,13 runs,Pune
2018-05-05,Royal Challengers Bangalore,Chennai Super Kings,Chennai Super Kings,6 wickets,Pune
2018-05-13,Sunrisers Hyderabad,Chennai Super Kings,Chennai Super Kings,8 wickets,Pune
2018-05-20,Kings XI Punjab,Chennai Super Kings,Chennai Super Kings,5 wickets,Pune
2018-05-22,Sunrisers Hyderabad,Chennai Super Kings,Chennai Super Kings,2 wickets,Mumbai
2018-05-23,Royal Challengers Bangalore,Chennai Super Kings,Chennai Super Kings,7 wickets,Chennai
2018-05-26,Delhi Capitals,Chennai Super Kings,Chennai Super Kings,6 wickets,Delhi
2018-05-27,Sunrisers Hyderabad,Chennai Super Kings,Chennai Super Kings,8 wickets,Mumbai
2018-05-31,Chennai Super Kings,Rajasthan Royals,Chennai Super Kings,8 runs,Chennai
2018-07-04,Mumbai Indians,Chennai Super Kings,Chennai Super Kings,1 wickets,Mumbai
2018-10-04,Kolkata Knight Riders,Chennai Super Kings,Chennai Super Kings,5 wickets,Chennai
2019-01-05,Chennai Super Kings,Delhi Capitals,Chennai Super Kings,80 runs,Chennai
2019-04-14,Kolkata Knight Riders,Chennai Super Kings,Chennai Super Kings,5 wickets,Kolkata
2019-04-23,Sunrisers Hyderabad,Chennai Super Kings,Chennai Super Kings,6 wickets,Chennai
2019-06-04,Chennai Super Kings,Kings XI Punjab,Chennai Super Kings,22 runs,Chennai
2019-09-04,Kolkata Knight Riders,Chennai Super Kings,Chennai Super Kings,7 wickets,Chennai
2019-10-05,Delhi Capitals,Chennai Super Kings,Chennai Super Kings,6 wickets,Visakhapatnam
2019-11-04,Rajasthan Royals,Chennai Super Kings,Chennai Super Kings,4 wickets,Jaipur
2008-04-27,Mumbai Indians,Deccan Chargers,Deccan Chargers,10 wickets,Mumbai
2008-05-06,Chennai Super Kings,Deccan Chargers,Deccan Chargers,7 wickets,Chennai
2009-04-19,Kolkata Knight Riders,Deccan Chargers,Deccan Chargers,8 wickets,Cape Town
2009-04-22,Deccan Chargers,Royal Challengers Bangalore,Deccan Chargers,24 runs,Cape Town
2009-04-25,Deccan Chargers,Mumbai Indians,Deccan Chargers,12 runs,Durban
2009-04-27,Chennai Super Kings,Deccan Chargers,Deccan Chargers,6 wickets,Durban
2009-05-06,Deccan Chargers,Mumbai Indians,Deccan Chargers,19 runs,Centurion
2009-05-11,Deccan Chargers,Rajasthan Royals,Deccan Chargers,53 runs,Kimberley
2009-05-16,Kolkata Knight Riders,Deccan Chargers,Deccan Chargers,6 wickets,Johannesburg
2009-05-22,Delhi Daredevils,Deccan Chargers,Deccan Chargers,6 wickets,Centurion
2009-05-24,Deccan Chargers,Royal Challengers Bangalore,Deccan Chargers,6 runs,Johannesburg
2010-03-14,Deccan Chargers,Chennai Super Kings,Deccan Chargers,31 runs,Chennai
2010-03-19,Deccan Chargers,Kings XI Punjab,Deccan Chargers,6 runs,Cuttack
2010-03-21,Deccan Chargers,Delhi Daredevils,Deccan Chargers,10 runs,Cuttack
2010-04-08,Royal Challengers Bangalore,Deccan Chargers,Deccan Chargers,7 wickets,Bangalore
2010-04-10,Chennai Super Kings,Deccan Chargers,Deccan Chargers,6 wickets,Nagpur
2010-04-12,Deccan Chargers,Royal Challengers Bangalore,Deccan Chargers,13 runs,Nagpur
2010-04-16,Kings XI Punjab,Deccan Chargers,Deccan Chargers,5 wickets,Dharamsala
2010-04-18,Deccan Chargers,Delhi Daredevils,Deccan Chargers,11 runs,Delhi
2011-04-14,Deccan Chargers,Royal Challengers Bangalore,Deccan Chargers,33 runs,Hyderabad
2011-04-19,Deccan Chargers,Delhi Daredevils,Deccan Chargers,16 runs,Delhi
2011-04-27,Deccan Chargers,Kochi Tuskers Kerala,Deccan Chargers,55 runs,Kochi
2011-05-14,Deccan Chargers,Mumbai Indians,Deccan Chargers,10 runs,Mumbai
2011-05-16,Pune Warriors,Deccan Chargers,Deccan Chargers,6 wickets,Mumbai
2011-05-21,Deccan Chargers,Kings XI Punjab,Deccan Chargers,82 runs,Dharamsala
2012-04-26,Deccan Chargers,Pune Warriors,Deccan Chargers,18 runs,Pune
2012-05-01,Deccan Chargers,Pune Warriors,Deccan Chargers,13 runs,Cuttack
2012-05-18,Rajasthan Royals,Deccan Chargers,Deccan Chargers,5 wickets,Hyderabad
2012-05-20,Deccan Chargers,Royal Challengers Bangalore,Deccan Chargers,9 runs,Hyderabad
2018-05-24,Delhi Capitals,Mumbai Indians,Delhi Capitals,37 runs,Mumbai
2018-05-30,Kolkata Knight Riders,Delhi Capitals,Delhi Capitals,0 runs,Delhi
2019-04-05,Rajasthan Royals,Delhi Capitals,Delhi Capitals,5 wickets,Delhi
2019-04-14,Delhi Capitals,Sunrisers Hyderabad,Delhi Capitals,39 runs,Hyderabad
2019-04-20,Kings XI Punjab,Delhi Capitals,Delhi Capitals,5 wickets,Delhi
2019-04-22,Rajasthan Royals,Delhi Capitals,Delhi Capitals,6 wickets,Jaipur
2019-04-28,Delhi Capitals,Royal Challengers Bangalore,Delhi Capitals,16 runs,Delhi
2019-07-04,Royal Challengers Bangalore,Delhi Capitals,Delhi Capitals,4 wickets,Bengaluru
2019-08-05,Sunrisers Hyderabad,Delhi Capitals,Delhi Capitals,2 wickets,Visakhapatnam
2019-12-04,Kolkata Knight Riders,Delhi Capitals,Delhi Capitals,7 wickets,Kolkata
2008-04-19,Rajasthan Royals,Delhi Daredevils,Delhi Daredevils,9 wickets,Delhi
2008-04-22,Deccan Chargers,Delhi Daredevils,Delhi Daredevils,9 wickets,Hyderabad
2008-04-30,Delhi Daredevils,Royal Challengers Bangalore,Delhi Daredevils,10 runs,Delhi
2008-05-02,Chennai Super Kings,Delhi Daredevils,Delhi Daredevils,8 wickets,Chennai
2008-05-15,Delhi Daredevils,Deccan Chargers,Delhi Daredevils,12 runs,Delhi
2008-05-19,Royal Challengers Bangalore,Delhi Daredevils,Delhi Daredevils,5 wickets,Bangalore
2008-05-24,Mumbai Indians,Delhi Daredevils,Delhi Daredevils,5 wickets,Delhi
2009-04-19,Kings XI Punjab,Delhi Daredevils,Delhi Daredevils,10 wickets,Cape Town
2009-04-23,Delhi Daredevils,Chennai Super Kings,Delhi Daredevils,9 runs,Durban
2009-04-26,Royal Challengers Bangalore,Delhi Daredevils,Delhi Daredevils,6 wickets,Port Elizabeth
2009-04-30,Deccan Chargers,Delhi Daredevils,Delhi Daredevils,6 wickets,Centurion
2009-05-05,Kolkata Knight Riders,Delhi Daredevils,Delhi Daredevils,9 wickets,Durban
2009-05-08,Mumbai Indians,Delhi Daredevils,Delhi Daredevils,7 wickets,East London
2009-05-10,Kolkata Knight Riders,Delhi Daredevils,Delhi Daredevils,7 wickets,Johannesburg
2009-05-13,Delhi Daredevils,Deccan Chargers,Delhi Daredevils,12 runs,Durban
2009-05-17,Delhi Daredevils,Rajasthan Royals,Delhi Daredevils,14 runs,Bloemfontein
2009-05-21,Mumbai Indians,Delhi Daredevils,Delhi Daredevils,4 wickets,Centurion
2010-03-13,Kings XI Punjab,Delhi Daredevils,Delhi Daredevils,5 wickets,Chandigarh
2010-03-15,Rajasthan Royals,Delhi Daredevils,Delhi Daredevils,6 wickets,Ahmedabad
2010-03-25,Delhi Daredevils,Royal Challengers Bangalore,Delhi Daredevils,17 runs,Bangalore
2010-03-29,Delhi Daredevils,Kolkata Knight Riders,Delhi Daredevils,40 runs,Delhi
2010-03-31,Delhi Daredevils,Rajasthan Royals,Delhi Daredevils,67 runs,Delhi
2010-04-04,Delhi Daredevils,Royal Challengers Bangalore,Delhi Daredevils,37 runs,Delhi
2010-04-15,Chennai Super Kings,Delhi Daredevils,Delhi Daredevils,6 wickets,Chennai
2011-04-17,Pune Warriors,Delhi Daredevils,Delhi Daredevils,3 wickets,Mumbai
2011-04-23,Delhi Daredevils,Kings XI Punjab,Delhi Daredevils,29 runs,Delhi
2011-04-30,Delhi Daredevils,Kochi Tuskers Kerala,Delhi Daredevils,38 runs,Kochi
2011-05-05,Deccan Chargers,Delhi Daredevils,Delhi Daredevils,4 wickets,Hyderabad
2012-04-05,Kolkata Knight Riders,Delhi Daredevils,Delhi Daredevils,8 wickets,Kolkata
2012-04-10,Chennai Super Kings,Delhi Daredevils,Delhi Daredevils,8 wickets,Delhi
2012-04-16,Mumbai Indians,Delhi Daredevils,Delhi Daredevils,7 wickets,Mumbai
2012-04-19,Deccan Chargers,Delhi Daredevils,Delhi Daredevils,5 wickets,Delhi
2012-04-24,Pune Warriors,Delhi Daredevils,Delhi Daredevils,8 wickets,Pune
2012-04-27,Delhi Daredevils,Mumbai Indians,Delhi Daredevils,37 runs,Delhi
2012-04-29,Delhi Daredevils,Rajasthan Royals,Delhi Daredevils,1 runs,Delhi
2012-05-01,Rajasthan Royals,Delhi Daredevils,Delhi Daredevils,6 wickets,Jaipur
2012-05-10,Deccan Chargers,Delhi Daredevils,Delhi Daredevils,9 wickets,Hyderabad
2012-05-15,Kings XI Punjab,Delhi Daredevils,Delhi Daredevils,5 wickets,Delhi
2012-05-19,Kings XI Punjab,Delhi Daredevils,Delhi Daredevils,6 wickets,Dharamsala
2013-04-21,Mumbai Indians,Delhi Daredevils,Delhi Daredevils,9 wickets,Delhi
2013-04-28,Delhi Daredevils,Pune Warriors,Delhi Daredevils,15 runs,Raipur
2013-05-01,Kolkata Knight Riders,Delhi Daredevils,Delhi Daredevils,7 wickets,Raipur
2014-04-19,Kolkata Knight Riders,Delhi Daredevils,Delhi Daredevils,4 wickets,Dubai
2014-04-27,Mumbai Indians,Delhi Daredevils,Delhi Daredevils,6 wickets,Sharjah
2015-04-15,Kings XI Punjab,Delhi Daredevils,Delhi Daredevils,5 wickets,Pune
2015-04-18,Delhi Daredevils,Sunrisers Hyderabad,Delhi Daredevils,4 runs,Visakhapatnam
2015-04-23,Delhi Daredevils,Mumbai Indians,Delhi Daredevils,37 runs,Delhi
2015-05-01,Kings XI Punjab,Delhi Daredevils,Delhi Daredevils,9 wickets,Delhi
2015-05-12,Chennai Super Kings,Delhi Daredevils,Delhi Daredevils,6 wickets,Raipur
2016-04-15,Kings XI Punjab,Delhi Daredevils,Delhi Daredevils,8 wickets,Delhi
2016-04-17,Royal Challengers Bangalore,Delhi Daredevils,Delhi Daredevils,7 wickets,Bangalore
2016-04-23,Delhi Daredevils,Mumbai Indians,Delhi Daredevils,10 runs,Delhi
2016-04-30,Delhi Daredevils,Kolkata Knight Riders,Delhi Daredevils,27 runs,Delhi
2016-05-03,Gujarat Lions,Delhi Daredevils,Delhi Daredevils,8 wickets,Rajkot
2016-05-12,Sunrisers Hyderabad,Delhi Daredevils,Delhi Daredevils,7 wickets,Hyderabad
2016-05-20,Sunrisers Hyderabad,Delhi Daredevils,Delhi Daredevils,6 wickets,Raipur
2017-04-11,Delhi Daredevils,Rising Pune Supergiant,Delhi Daredevils,97 runs,Pune
2017-04-15,Delhi Daredevils,Kings XI Punjab,Delhi Daredevils,51 runs,Delhi
2017-05-02,Sunrisers Hyderabad,Delhi Daredevils,Delhi Daredevils,6 wickets,Delhi
2017-05-04,Gujarat Lions,Delhi Daredevils,Delhi Daredevils,7 wickets,Delhi
2017-05-10,Gujarat Lions,Delhi Daredevils,Delhi Daredevils,2 wickets,Kanpur
2017-05-12,Delhi Daredevils,Rising Pune Supergiant,Delhi Daredevils,7 runs,Delhi
2018-02-05,Delhi Daredevils,Rajasthan Royals,Delhi Daredevils,4 runs,Delhi
2018-04-14,Mumbai Indians,Delhi Daredevils,Delhi Daredevils,7 wickets,Mumbai
2018-04-27,Delhi Daredevils,Kolkata Knight Riders,Delhi Daredevils,55 runs,Delhi
2018-05-18,Delhi Daredevils,Chennai Super Kings,Delhi Daredevils,34 runs,Delhi
2018-05-20,Delhi Daredevils,Mumbai Indians,Delhi Daredevils,11 runs,Delhi
2016-04-11,Kings XI Punjab,Gujarat Lions,Gujarat Lions,5 wickets,Chandigarh
2016-04-14,Rising Pune Supergiants,Gujarat Lions,Gujarat Lions,7 wickets,Rajkot
2016-04-16,Mumbai Indians,Gujarat Lions,Gujarat Lions,3 wickets,Mumbai
2016-04-24,Royal Challengers Bangalore,Gujarat Lions,Gujarat Lions,6 wickets,Rajkot
2016-04-27,Gujarat Lions,Delhi Daredevils,Gujarat Lions,1 runs,Delhi
2016-04-29,Rising Pune Supergiants,Gujarat Lions,Gujarat Lions,3 wickets,Pune
2016-05-08,Kolkata Knight Riders,Gujarat Lions,Gujarat Lions,5 wickets,Kolkata
2016-05-19,Kolkata Knight Riders,Gujarat Lions,Gujarat Lions,6 wickets,Kanpur
2016-05-21,Mumbai Indians,Gujarat Lions,Gujarat Lions,6 wickets,Kanpur
2017-04-14,Rising Pune Supergiant,Gujarat Lions,Gujarat Lions,7 wickets,Rajkot
2017-04-21,Kolkata Knight Riders,Gujarat Lions,Gujarat Lions,4 wickets,Kolkata
2017-04-27,Royal Challengers Bangalore,Gujarat Lions,Gujarat Lions,7 wickets,Bangalore
2017-05-07,Kings XI Punjab,Gujarat Lions,Gujarat Lions,6 wickets,Chandigarh
2008-04-25,Kings XI Punjab,Mumbai Indians,Kings XI Punjab,66 runs,Chandigarh
2008-04-27,Delhi Daredevils,Kings XI Punjab,Kings XI Punjab,4 wickets,Chandigarh
2008-05-01,Deccan Chargers,Kings XI Punjab,Kings XI Punjab,7 wickets,Hyderabad
2008-05-03,Kings XI Punjab,Kolkata Knight Riders,Kings XI Punjab,9 runs,Chandigarh
2008-05-05,Royal Challengers Bangalore,Kings XI Punjab,Kings XI Punjab,6 wickets,Bangalore
2008-05-12,Royal Challengers Bangalore,Kings XI Punjab,Kings XI Punjab,9 wickets,Chandigarh
2008-05-17,Delhi Daredevils,Kings XI Punjab,Kings XI Punjab,6 runs,Delhi
2008-05-21,Kings XI Punjab,Mumbai Indians,Kings XI Punjab,1 runs,Mumbai
2008-05-23,Deccan Chargers,Kings XI Punjab,Kings XI Punjab,6 wickets,Chandigarh
2008-05-28,Kings XI Punjab,Rajasthan Royals,Kings XI Punjab,41 runs,Chandigarh
2009-04-24,Royal Challengers Bangalore,Kings XI Punjab,Kings XI Punjab,7 wickets,Durban
2009-04-26,Kings XI Punjab,Rajasthan Royals,Kings XI Punjab,27 runs,Cape Town
2009-04-29,Kings XI Punjab,Mumbai Indians,Kings XI Punjab,3 runs,Durban
2009-05-03,Kolkata Knight Riders,Kings XI Punjab,Kings XI Punjab,6 wickets,Port Elizabeth
2009-05-09,Deccan Chargers,Kings XI Punjab,Kings XI Punjab,3 wickets,Kimberley
2009-05-15,Delhi Daredevils,Kings XI Punjab,Kings XI Punjab,6 wickets,Bloemfontein
2009-05-17,Kings XI Punjab,Deccan Chargers,Kings XI Punjab,1 runs,Johannesburg
2010-03-21,Kings XI Punjab,Chennai Super Kings,Kings XI Punjab,0 runs,Chennai
2010-04-04,Kolkata Knight Riders,Kings XI Punjab,Kings XI Punjab,8 wickets,Kolkata
2010-04-09,Mumbai Indians,Kings XI Punjab,Kings XI Punjab,6 wickets,Chandigarh
2010-04-11,Delhi Daredevils,Kings XI Punjab,Kings XI Punjab,7 wickets,Delhi
2011-04-13,Chennai Super Kings,Kings XI Punjab,Kings XI Punjab,6 wickets,Chandigarh
2011-04-16,Deccan Chargers,Kings XI Punjab,Kings XI Punjab,8 wickets,Hyderabad
2011-04-21,Kings XI Punjab,Rajasthan Royals,Kings XI Punjab,48 runs,Chandigarh
2011-05-10,Kings XI Punjab,Mumbai Indians,Kings XI Punjab,76 runs,Chandigarh
2011-05-13,Kochi Tuskers Kerala,Kings XI Punjab,Kings XI Punjab,6 wickets,Indore
2011-05-15,Kings XI Punjab,Delhi Daredevils,Kings XI Punjab,29 runs,Dharamsala
2011-05-17,Kings XI Punjab,Royal Challengers Bangalore,Kings XI Punjab,111 runs,Dharamsala
2012-04-12,Pune Warriors,Kings XI Punjab,Kings XI Punjab,7 wickets,Chandigarh
2012-04-15,Kings XI Punjab,Kolkata Knight Riders,Kings XI Punjab,2 runs,Kolkata
2012-04-22,Mumbai Indians,Kings XI Punjab,Kings XI Punjab,6 wickets,Mumbai
2012-04-28,Kings XI Punjab,Chennai Super Kings,Kings XI Punjab,7 runs,Chennai
2012-05-02,Royal Challengers Bangalore,Kings XI Punjab,Kings XI Punjab,4 wickets,Bangalore
2012-05-08,Kings XI Punjab,Deccan Chargers,Kings XI Punjab,25 runs,Hyderabad
2012-05-13,Deccan Chargers,Kings XI Punjab,Kings XI Punjab,4 wickets,Chandigarh
2012-05-17,Chennai Super Kings,Kings XI Punjab,Kings XI Punjab,6 wickets,Dharamsala
2013-04-07,Pune Warriors,Kings XI Punjab,Kings XI Punjab,8 wickets,Pune
2013-04-16,Kings XI Punjab,Kolkata Knight Riders,Kings XI Punjab,4 runs,Chandigarh
2013-04-21,Pune Warriors,Kings XI Punjab,Kings XI Punjab,7 wickets,Chandigarh
2013-04-23,Delhi Daredevils,Kings XI Punjab,Kings XI Punjab,5 wickets,Delhi
2013-05-06,Royal Challengers Bangalore,Kings XI Punjab,Kings XI Punjab,6 wickets,Chandigarh
2013-05-14,Royal Challengers Bangalore,Kings XI Punjab,Kings XI Punjab,7 wickets,Bangalore
2013-05-16,Kings XI Punjab,Delhi Daredevils,Kings XI Punjab,7 runs,Dharamsala
2013-05-18,Kings XI Punjab,Mumbai Indians,Kings XI Punjab,50 runs,Dharamsala
2014-04-18,Chennai Super Kings,Kings XI Punjab,Kings XI Punjab,6 wickets,Abu Dhabi
2014-04-20,Rajasthan Royals,Kings XI Punjab,Kings XI Punjab,7 wickets,Sharjah
2014-04-22,Kings XI Punjab,Sunrisers Hyderabad,Kings XI Punjab,72 runs,Sharjah
2014-04-26,Kings XI Punjab,Kolkata Knight Riders,Kings XI Punjab,23 runs,Abu Dhabi
2014-04-28,Royal Challengers Bangalore,Kings XI Punjab,Kings XI Punjab,5 wickets,Dubai
2014-05-07,Kings XI Punjab,Chennai Super Kings,Kings XI Punjab,44 runs,Cuttack
2014-05-09,Kings XI Punjab,Royal Challengers Bangalore,Kings XI Punjab,32 runs,Bangalore
2014-05-14,Sunrisers Hyderabad,Kings XI Punjab,Kings XI Punjab,6 wickets,Hyderabad
2014-05-19,Delhi Daredevils,Kings XI Punjab,Kings XI Punjab,4 wickets,Delhi
2014-05-23,Kings XI Punjab,Rajasthan Royals,Kings XI Punjab,16 runs,Chandigarh
2014-05-25,Delhi Daredevils,Kings XI Punjab,Kings XI Punjab,7 wickets,Chandigarh
2014-05-30,Kings XI Punjab,Chennai Super Kings,Kings XI Punjab,24 runs,Mumbai
2015-04-12,Kings XI Punjab,Mumbai Indians,Kings XI Punjab,18 runs,Mumbai
2015-04-21,Rajasthan Royals,Kings XI Punjab,Kings XI Punjab,0 runs,Ahmedabad
2015-05-13,Kings XI Punjab,Royal Challengers Bangalore,Kings XI Punjab,22 runs,Chandigarh
2016-04-17,Rising Pune Supergiants,Kings XI Punjab,Kings XI Punjab,6 wickets,Chandigarh
2016-05-01,Kings XI Punjab,Gujarat Lions,Kings XI Punjab,23 runs,Rajkot
2016-05-07,Kings XI Punjab,Delhi Daredevils,Kings XI Punjab,9 runs,Chandigarh
2016-05-13,Mumbai Indians,Kings XI Punjab,Kings XI Punjab,7 wickets,Visakhapatnam
2017-04-08,Rising Pune Supergiant,Kings XI Punjab,Kings XI Punjab,6 wickets,Indore
2017-04-10,Royal Challengers Bangalore,Kings XI Punjab,Kings XI Punjab,8 wickets,Indore
2017-04-23,Kings XI Punjab,Gujarat Lions,Kings XI Punjab,26 runs,Rajkot
2017-04-30,Delhi Daredevils,Kings XI Punjab,Kings XI Punjab,10 wickets,Chandigarh
2017-05-05,Kings XI Punjab,Royal Challengers Bangalore,Kings XI Punjab,19 runs,Bangalore
2017-05-09,Kings XI Punjab,Kolkata Knight Riders,Kings XI Punjab,14 runs,Chandigarh
2017-05-11,Kings XI Punjab,Mumbai Indians,Kings XI Punjab,7 runs,Mumbai
2018-04-15,Kings XI Punjab,Chennai Super Kings,Kings XI Punjab,4 runs,Mohali
2018-04-19,Kings XI Punjab,Sunrisers Hyderabad,Kings XI Punjab,15 runs,Mohali
2018-04-21,Kolkata Knight Riders,Kings XI Punjab,Kings XI Punjab,9 wickets,Kolkata
2018-04-23,Kings XI Punjab,Delhi Daredevils,Kings XI Punjab,4 runs,Delhi
2018-05-25,Kings XI Punjab,Rajasthan Royals,Kings XI Punjab,14 runs,Jaipur
2018-05-30,Mumbai Indians,Kings XI Punjab,Kings XI Punjab,8 wickets,Mohali
2018-06-05,Rajasthan Royals,Kings XI Punjab,Kings XI Punjab,6 wickets,Indore
2018-08-04,Delhi Daredevils,Kings XI Punjab,Kings XI Punjab,6 wickets,Mohali
2019-01-04,Kings XI Punjab,Delhi Capitals,Kings XI Punjab,14 runs,Mohali
2019-04-16,Kings XI Punjab,Rajasthan Royals,Kings XI Punjab,12 runs,Mohali
2019-05-05,Chennai Super Kings,Kings XI Punjab,Kings XI Punjab,6 wickets,Mohali
2019-08-04,Sunrisers Hyderabad,Kings XI Punjab,Kings XI Punjab,6 wickets,Mohali
2011-04-15,Mumbai Indians,Kochi Tuskers Kerala,Kochi Tuskers Kerala,8 wickets,Mumbai
2011-04-18,Chennai Super Kings,Kochi Tuskers Kerala,Kochi Tuskers Kerala,7 wickets,Kochi
2011-04-20,Kochi Tuskers Kerala,Kolkata Knight Riders,Kochi Tuskers Kerala,6 runs,Kolkata
2011-05-02,Delhi Daredevils,Kochi Tuskers Kerala,Kochi Tuskers Kerala,7 wickets,Delhi
2011-05-05,Kochi Tuskers Kerala,Kolkata Knight Riders,Kochi Tuskers Kerala,17 runs,Kochi
2011-05-15,Rajasthan Royals,Kochi Tuskers Kerala,Kochi Tuskers Kerala,8 wickets,Indore
2008-04-18,Kolkata Knight Riders,Royal Challengers Bangalore,Kolkata Knight Riders,140 runs,Bangalore
2008-04-20,Deccan Chargers,Kolkata Knight Riders,Kolkata Knight Riders,5 wickets,Kolkata
2008-05-08,Kolkata Knight Riders,Royal Challengers Bangalore,Kolkata Knight Riders,5 runs,Kolkata
2008-05-11,Kolkata Knight Riders,Deccan Chargers,Kolkata Knight Riders,23 runs,Hyderabad
2008-05-13,Kolkata Knight Riders,Delhi Daredevils,Kolkata Knight Riders,23 runs,Kolkata
2008-05-25,Kings XI Punjab,Kolkata Knight Riders,Kolkata Knight Riders,3 wickets,Kolkata
2009-04-21,Kings XI Punjab,Kolkata Knight Riders,Kolkata Knight Riders,11 runs,Durban
2009-05-18,Chennai Super Kings,Kolkata Knight Riders,Kolkata Knight Riders,7 wickets,Centurion
2009-05-20,Rajasthan Royals,Kolkata Knight Riders,Kolkata Knight Riders,4 wickets,Durban
2010-03-12,Kolkata Knight Riders,Deccan Chargers,Kolkata Knight Riders,11 runs,Mumbai
2010-03-14,Royal Challengers Bangalore,Kolkata Knight Riders,Kolkata Knight Riders,7 wickets,Kolkata
2010-03-27,Kolkata Knight Riders,Kings XI Punjab,Kolkata Knight Riders,39 runs,Chandigarh
2010-04-01,Kolkata Knight Riders,Deccan Chargers,Kolkata Knight Riders,24 runs,Kolkata
2010-04-07,Kolkata Knight Riders,Delhi Daredevils,Kolkata Knight Riders,14 runs,Kolkata
2010-04-17,Rajasthan Royals,Kolkata Knight Riders,Kolkata Knight Riders,8 wickets,Kolkata
2010-04-19,Mumbai Indians,Kolkata Knight Riders,Kolkata Knight Riders,9 wickets,Kolkata
2011-04-11,Kolkata Knight Riders,Deccan Chargers,Kolkata Knight Riders,9 runs,Kolkata
2011-04-15,Rajasthan Royals,Kolkata Knight Riders,Kolkata Knight Riders,9 wickets,Jaipur
2011-04-17,Rajasthan Royals,Kolkata Knight Riders,Kolkata Knight Riders,8 wickets,Kolkata
2011-04-28,Kolkata Knight Riders,Delhi Daredevils,Kolkata Knight Riders,17 runs,Delhi
2011-04-30,Kings XI Punjab,Kolkata Knight Riders,Kolkata Knight Riders,8 wickets,Kolkata
2011-05-03,Kolkata Knight Riders,Deccan Chargers,Kolkata Knight Riders,20 runs,Hyderabad
2011-05-07,Chennai Super Kings,Kolkata Knight Riders,Kolkata Knight Riders,10 runs,Kolkata
2011-05-19,Pune Warriors,Kolkata Knight Riders,Kolkata Knight Riders,7 wickets,Mumbai
2012-04-10,Kolkata Knight Riders,Royal Challengers Bangalore,Kolkata Knight Riders,42 runs,Bangalore
2012-04-13,Rajasthan Royals,Kolkata Knight Riders,Kolkata Knight Riders,5 wickets,Kolkata
2012-04-18,Kings XI Punjab,Kolkata Knight Riders,Kolkata Knight Riders,8 wickets,Chandigarh
2012-04-22,Deccan Chargers,Kolkata Knight Riders,Kolkata Knight Riders,5 wickets,Cuttack
2012-04-28,Kolkata Knight Riders,Royal Challengers Bangalore,Kolkata Knight Riders,47 runs,Kolkata
2012-04-30,Chennai Super Kings,Kolkata Knight Riders,Kolkata Knight Riders,5 wickets,Chennai
2012-05-05,Kolkata Knight Riders,Pune Warriors,Kolkata Knight Riders,7 runs,Kolkata
2012-05-07,Delhi Daredevils,Kolkata Knight Riders,Kolkata Knight Riders,6 wickets,Delhi
2012-05-16,Kolkata Knight Riders,Mumbai Indians,Kolkata Knight Riders,32 runs,Mumbai
2012-05-19,Kolkata Knight Riders,Pune Warriors,Kolkata Knight Riders,34 runs,Pune
2012-05-22,Kolkata Knight Riders,Delhi Daredevils,Kolkata Knight Riders,18 runs,Pune
2012-05-27,Chennai Super Kings,Kolkata Knight Riders,Kolkata Knight Riders,5 wickets,Chennai
2013-04-03,Delhi Daredevils,Kolkata Knight Riders,Kolkata Knight Riders,6 wickets,Kolkata
2013-04-14,Kolkata Knight Riders,Sunrisers Hyderabad,Kolkata Knight Riders,48 runs,Kolkata
2013-04-26,Kings XI Punjab,Kolkata Knight Riders,Kolkata Knight Riders,6 wickets,Kolkata
2013-05-03,Rajasthan Royals,Kolkata Knight Riders,Kolkata Knight Riders,8 wickets,Kolkata
2013-05-09,Kolkata Knight Riders,Pune Warriors,Kolkata Knight Riders,46 runs,Pune
2013-05-12,Royal Challengers Bangalore,Kolkata Knight Riders,Kolkata Knight Riders,5 wickets,Ranchi
2014-04-16,Kolkata Knight Riders,Mumbai Indians,Kolkata Knight Riders,41 runs,Abu Dhabi
2014-04-24,Kolkata Knight Riders,Royal Challengers Bangalore,Kolkata Knight Riders,2 runs,Sharjah
2014-05-07,Delhi Daredevils,Kolkata Knight Riders,Kolkata Knight Riders,8 wickets,Delhi
2014-05-11,Kings XI Punjab,Kolkata Knight Riders,Kolkata Knight Riders,9 wickets,Cuttack
2014-05-14,Mumbai Indians,Kolkata Knight Riders,Kolkata Knight Riders,6 wickets,Cuttack
2014-05-18,Sunrisers Hyderabad,Kolkata Knight Riders,Kolkata Knight Riders,7 wickets,Hyderabad
2014-05-20,Chennai Super Kings,Kolkata Knight Riders,Kolkata Knight Riders,8 wickets,Kolkata
2014-05-22,Kolkata Knight Riders,Royal Challengers Bangalore,Kolkata Knight Riders,30 runs,Kolkata
2014-05-24,Sunrisers Hyderabad,Kolkata Knight Riders,Kolkata Knight Riders,4 wickets,Kolkata
2014-05-27,Kolkata Knight Riders,Kings XI Punjab,Kolkata Knight Riders,28 runs,Kolkata
2014-06-01,Kings XI Punjab,Kolkata Knight Riders,Kolkata Knight Riders,3 wickets,Bangalore
2015-04-08,Mumbai Indians,Kolkata Knight Riders,Kolkata Knight Riders,7 wickets,Kolkata
2015-04-18,Kings XI Punjab,Kolkata Knight Riders,Kolkata Knight Riders,4 wickets,Pune
2015-04-20,Delhi Daredevils,Kolkata Knight Riders,Kolkata Knight Riders,6 wickets,Delhi
2015-04-30,Chennai Super Kings,Kolkata Knight Riders,Kolkata Knight Riders,7 wickets,Kolkata
2015-05-04,Kolkata Knight Riders,Sunrisers Hyderabad,Kolkata Knight Riders,35 runs,Kolkata
2015-05-07,Kolkata Knight Riders,Delhi Daredevils,Kolkata Knight Riders,13 runs,Kolkata
2015-05-09,Kings XI Punjab,Kolkata Knight Riders,Kolkata Knight Riders,1 wickets,Kolkata
2016-04-10,Delhi Daredevils,Kolkata Knight Riders,Kolkata Knight Riders,9 wickets,Kolkata
2016-04-16,Sunrisers Hyderabad,Kolkata Knight Riders,Kolkata Knight Riders,8 wickets,Hyderabad
2016-04-19,Kings XI Punjab,Kolkata Knight Riders,Kolkata Knight Riders,6 wickets,Chandigarh
2016-04-24,Rising Pune Supergiants,Kolkata Knight Riders,Kolkata Knight Riders,2 wickets,Pune
2016-05-02,Royal Challengers Bangalore,Kolkata Knight Riders,Kolkata Knight Riders,5 wickets,Bangalore
2016-05-04,Kolkata Knight Riders,Kings XI Punjab,Kolkata Knight Riders,7 runs,Kolkata
2016-05-14,Rising Pune Supergiants,Kolkata Knight Riders,Kolkata Knight Riders,8 wickets,Kolkata
2016-05-22,Kolkata Knight Riders,Sunrisers Hyderabad,Kolkata Knight Riders,22 runs,Kolkata
2017-04-07,Gujarat Lions,Kolkata Knight Riders,Kolkata Knight Riders,10 wickets,Rajkot
2017-04-13,Kings XI Punjab,Kolkata Knight Riders,Kolkata Knight Riders,8 wickets,Kolkata
2017-04-15,Kolkata Knight Riders,Sunrisers Hyderabad,Kolkata Knight Riders,17 runs,Kolkata
2017-04-17,Delhi Daredevils,Kolkata Knight Riders,Kolkata Knight Riders,4 wickets,Delhi
2017-04-23,Kolkata Knight Riders,Royal Challengers Bangalore,Kolkata Knight Riders,82 runs,Kolkata
2017-04-26,Rising Pune Supergiant,Kolkata Knight Riders,Kolkata Knight Riders,7 wickets,Pune
2017-04-28,Delhi Daredevils,Kolkata Knight Riders,Kolkata Knight Riders,7 wickets,Kolkata
2017-05-07,Royal Challengers Bangalore,Kolkata Knight Riders,Kolkata Knight Riders,6 wickets,Bangalore
2017-05-17,Sunrisers Hyderabad,Kolkata Knight Riders,Kolkata Knight Riders,7 wickets,Bangalore
2018-03-05,Chennai Super Kings,Kolkata Knight Riders,Kolkata Knight Riders,6 wickets,Kolkata
2018-04-16,Kolkata Knight Riders,Delhi Daredevils,Kolkata Knight Riders,71 runs,Kolkata
2018-04-18,Rajasthan Royals,Kolkata Knight Riders,Kolkata Knight Riders,7 wickets,Jaipur
2018-04-29,Royal Challengers Bangalore,Kolkata Knight Riders,Kolkata Knight Riders,6 wickets,Bengaluru
2018-05-15,Rajasthan Royals,Kolkata Knight Riders,Kolkata Knight Riders,6 wickets,Kolkata
2018-05-19,Sunrisers Hyderabad,Kolkata Knight Riders,Kolkata Knight Riders,5 wickets,Hyderabad
2018-05-23,Kolkata Knight Riders,Rajasthan Royals,Kolkata Knight Riders,25 runs,Kolkata
2018-05-24,Sunrisers Hyderabad,Kolkata Knight Riders,Kolkata Knight Riders,6 wickets,Kolkata
2018-05-27,Kolkata Knight Riders,Kings XI Punjab,Kolkata Knight Riders,28 runs,Kolkata
2018-08-04,Royal Challengers Bangalore,Kolkata Knight Riders,Kolkata Knight Riders,4 wickets,Kolkata
2018-12-05,Kolkata Knight Riders,Kings XI Punjab,Kolkata Knight Riders,31 runs,Indore
2019-03-05,Kings XI Punjab,Kolkata Knight Riders,Kolkata Knight Riders,7 wickets,Mohali
2019-04-28,Kolkata Knight Riders,Mumbai Indians,Kolkata Knight Riders,34 runs,Kolkata
2019-05-04,Royal Challengers Bangalore,Kolkata Knight Riders,Kolkata Knight Riders,5 wickets,Bengaluru
2019-07-04,Rajasthan Royals,Kolkata Knight Riders,Kolkata Knight Riders,8 wickets,Jaipur
2008-04-29,Kolkata Knight Riders,Mumbai Indians,Mumbai Indians,7 wickets,Kolkata
2008-05-04,Mumbai Indians,Delhi Daredevils,Mumbai Indians,29 runs,Mumbai
2008-05-07,Rajasthan Royals,Mumbai Indians,Mumbai Indians,7 wickets,Mumbai
2008-05-14,Chennai Super Kings,Mumbai Indians,Mumbai Indians,9 wickets,Mumbai
2008-05-16,Kolkata Knight Riders,Mumbai Indians,Mumbai Indians,8 wickets,Mumbai
2008-05-18,Mumbai Indians,Deccan Chargers,Mumbai Indians,25 runs,Hyderabad
2008-05-28,Royal Challengers Bangalore,Mumbai Indians,Mumbai Indians,9 wickets,Bangalore
2009-04-18,Mumbai Indians,Chennai Super Kings,Mumbai Indians,19 runs,Cape Town
2009-04-27,Mumbai Indians,Kolkata Knight Riders,Mumbai Indians,92 runs,Port Elizabeth
2009-05-01,Mumbai Indians,Kolkata Knight Riders,Mumbai Indians,9 runs,East London
2009-05-10,Mumbai Indians,Royal Challengers Bangalore,Mumbai Indians,16 runs,Port Elizabeth
2009-05-12,Kings XI Punjab,Mumbai Indians,Mumbai Indians,8 wickets,Centurion
2010-03-13,Mumbai Indians,Rajasthan Royals,Mumbai Indians,4 runs,Mumbai
2010-03-17,Mumbai Indians,Delhi Daredevils,Mumbai Indians,98 runs,Delhi
2010-03-22,Kolkata Knight Riders,Mumbai Indians,Mumbai Indians,7 wickets,Mumbai
2010-03-25,Chennai Super Kings,Mumbai Indians,Mumbai Indians,5 wickets,Mumbai
2010-03-28,Mumbai Indians,Deccan Chargers,Mumbai Indians,41 runs,Mumbai
2010-03-30,Kings XI Punjab,Mumbai Indians,Mumbai Indians,4 wickets,Mumbai
2010-04-03,Mumbai Indians,Deccan Chargers,Mumbai Indians,63 runs,Mumbai
2010-04-11,Mumbai Indians,Rajasthan Royals,Mumbai Indians,37 runs,Jaipur
2010-04-13,Mumbai Indians,Delhi Daredevils,Mumbai Indians,39 runs,Mumbai
2010-04-17,Mumbai Indians,Royal Challengers Bangalore,Mumbai Indians,57 runs,Bangalore
2010-04-21,Mumbai Indians,Royal Challengers Bangalore,Mumbai Indians,35 runs,Mumbai
2011-04-10,Delhi Daredevils,Mumbai Indians,Mumbai Indians,8 wickets,Delhi
2011-04-12,Royal Challengers Bangalore,Mumbai Indians,Mumbai Indians,9 wickets,Bangalore
2011-04-20,Pune Warriors,Mumbai Indians,Mumbai Indians,7 wickets,Mumbai
2011-04-22,Mumbai Indians,Chennai Super Kings,Mumbai Indians,8 runs,Mumbai
2011-04-24,Mumbai Indians,Deccan Chargers,Mumbai Indians,37 runs,Hyderabad
2011-05-02,Mumbai Indians,Kings XI Punjab,Mumbai Indians,23 runs,Mumbai
2011-05-04,Mumbai Indians,Pune Warriors,Mumbai Indians,21 runs,Mumbai
2011-05-07,Mumbai Indians,Delhi Daredevils,Mumbai Indians,32 runs,Mumbai
2011-05-22,Kolkata Knight Riders,Mumbai Indians,Mumbai Indians,5 wickets,Kolkata
2011-05-25,Kolkata Knight Riders,Mumbai Indians,Mumbai Indians,4 wickets,Mumbai
2012-04-04,Chennai Super Kings,Mumbai Indians,Mumbai Indians,8 wickets,Chennai
2012-04-09,Deccan Chargers,Mumbai Indians,Mumbai Indians,5 wickets,Visakhapatnam
2012-04-11,Mumbai Indians,Rajasthan Royals,Mumbai Indians,27 runs,Mumbai
2012-04-25,Kings XI Punjab,Mumbai Indians,Mumbai Indians,4 wickets,Chandigarh
2012-04-29,Deccan Chargers,Mumbai Indians,Mumbai Indians,5 wickets,Mumbai
2012-05-03,Mumbai Indians,Pune Warriors,Mumbai Indians,1 runs,Pune
2012-05-06,Chennai Super Kings,Mumbai Indians,Mumbai Indians,2 wickets,Mumbai
2012-05-12,Mumbai Indians,Kolkata Knight Riders,Mumbai Indians,27 runs,Kolkata
2012-05-14,Royal Challengers Bangalore,Mumbai Indians,Mumbai Indians,5 wickets,Bangalore
2012-05-20,Rajasthan Royals,Mumbai Indians,Mumbai Indians,10 wickets,Jaipur
2013-04-06,Mumbai Indians,Chennai Super Kings,Mumbai Indians,9 runs,Chennai
2013-04-09,Mumbai Indians,Delhi Daredevils,Mumbai Indians,44 runs,Mumbai
2013-04-13,Mumbai Indians,Pune Warriors,Mumbai Indians,41 runs,Mumbai
2013-04-24,Kolkata Knight Riders,Mumbai Indians,Mumbai Indians,5 wickets,Kolkata
2013-04-27,Mumbai Indians,Royal Challengers Bangalore,Mumbai Indians,58 runs,Mumbai
2013-04-29,Mumbai Indians,Kings XI Punjab,Mumbai Indians,4 runs,Mumbai
2013-05-05,Mumbai Indians,Chennai Super Kings,Mumbai Indians,60 runs,Mumbai
2013-05-07,Mumbai Indians,Kolkata Knight Riders,Mumbai Indians,65 runs,Mumbai
2013-05-11,Pune Warriors,Mumbai Indians,Mumbai Indians,5 wickets,Pune
2013-05-13,Sunrisers Hyderabad,Mumbai Indians,Mumbai Indians,7 wickets,Mumbai
2013-05-15,Mumbai Indians,Rajasthan Royals,Mumbai Indians,14 runs,Mumbai
2013-05-24,Rajasthan Royals,Mumbai Indians,Mumbai Indians,4 wickets,Kolkata
2013-05-26,Mumbai Indians,Chennai Super Kings,Mumbai Indians,23 runs,Kolkata
2014-05-03,Kings XI Punjab,Mumbai Indians,Mumbai Indians,5 wickets,Mumbai
2014-05-06,Mumbai Indians,Royal Challengers Bangalore,Mumbai Indians,19 runs,Mumbai
2014-05-12,Sunrisers Hyderabad,Mumbai Indians,Mumbai Indians,7 wickets,Hyderabad
2014-05-19,Mumbai Indians,Rajasthan Royals,Mumbai Indians,25 runs,Ahmedabad
2014-05-21,Kings XI Punjab,Mumbai Indians,Mumbai Indians,7 wickets,Chandigarh
2014-05-23,Mumbai Indians,Delhi Daredevils,Mumbai Indians,15 runs,Mumbai
2014-05-25,Rajasthan Royals,Mumbai Indians,Mumbai Indians,5 wickets,Mumbai
2015-04-19,Mumbai Indians,Royal Challengers Bangalore,Mumbai Indians,18 runs,Bangalore
2015-04-25,Mumbai Indians,Sunrisers Hyderabad,Mumbai Indians,20 runs,Mumbai
2015-05-01,Mumbai Indians,Rajasthan Royals,Mumbai Indians,8 runs,Mumbai
2015-05-03,Mumbai Indians,Kings XI Punjab,Mumbai Indians,23 runs,Chandigarh
2015-05-05,Delhi Daredevils,Mumbai Indians,Mumbai Indians,5 wickets,Mumbai
2015-05-08,Chennai Super Kings,Mumbai Indians,Mumbai Indians,6 wickets,Chennai
2015-05-14,Mumbai Indians,Kolkata Knight Riders,Mumbai Indians,5 runs,Mumbai
2015-05-17,Sunrisers Hyderabad,Mumbai Indians,Mumbai Indians,9 wickets,Hyderabad
2015-05-19,Mumbai Indians,Chennai Super Kings,Mumbai Indians,25 runs,Mumbai
2015-05-24,Mumbai Indians,Chennai Super Kings,Mumbai Indians,41 runs,Kolkata
2016-04-13,Kolkata Knight Riders,Mumbai Indians,Mumbai Indians,6 wickets,Kolkata
2016-04-20,Royal Challengers Bangalore,Mumbai Indians,Mumbai Indians,6 wickets,Mumbai
2016-04-25,Mumbai Indians,Kings XI Punjab,Mumbai Indians,25 runs,Chandigarh
2016-04-28,Kolkata Knight Riders,Mumbai Indians,Mumbai Indians,6 wickets,Mumbai
2016-05-01,Rising Pune Supergiants,Mumbai Indians,Mumbai Indians,8 wickets,Pune
2016-05-11,Royal Challengers Bangalore,Mumbai Indians,Mumbai Indians,6 wickets,Bangalore
2016-05-15,Mumbai Indians,Delhi Daredevils,Mumbai Indians,80 runs,Visakhapatnam
2017-04-09,Kolkata Knight Riders,Mumbai Indians,Mumbai Indians,4 wickets,Mumbai
2017-04-12,Sunrisers Hyderabad,Mumbai Indians,Mumbai Indians,4 wickets,Mumbai
2017-04-14,Royal Challengers Bangalore,Mumbai Indians,Mumbai Indians,4 wickets,Bangalore
2017-04-16,Gujarat Lions,Mumbai Indians,Mumbai Indians,6 wickets,Mumbai
2017-04-20,Kings XI Punjab,Mumbai Indians,Mumbai Indians,8 wickets,Indore
2017-04-22,Mumbai Indians,Delhi Daredevils,Mumbai Indians,14 runs,Mumbai
2017-04-29,Gujarat Lions,Mumbai Indians,Mumbai Indians,0 runs,Rajkot
2017-05-01,Royal Challengers Bangalore,Mumbai Indians,Mumbai Indians,5 wickets,Mumbai
2017-05-06,Mumbai Indians,Delhi Daredevils,Mumbai Indians,146 runs,Delhi
2017-05-13,Mumbai Indians,Kolkata Knight Riders,Mumbai Indians,9 runs,Kolkata
2017-05-19,Kolkata Knight Riders,Mumbai Indians,Mumbai Indians,6 wickets,Bangalore
2017-05-21,Mumbai Indians,Rising Pune Supergiant,Mumbai Indians,1 runs,Hyderabad
2018-04-05,Kings XI Punjab,Mumbai Indians,Mumbai Indians,6 wickets,Indore
2018-04-17,Mumbai Indians,Royal Challengers Bangalore,Mumbai Indians,46 runs,Mumbai
2018-04-28,Chennai Super Kings,Mumbai Indians,Mumbai Indians,8 wickets,Pune
2018-05-16,Mumbai Indians,Kings XI Punjab,Mumbai Indians,3 runs,Mumbai
2018-05-28,Mumbai Indians,Royal Challengers Bangalore,Mumbai Indians,6 runs,Bengaluru
2018-06-05,Mumbai Indians,Kolkata Knight Riders,Mumbai Indians,13 runs,Mumbai
2018-09-05,Mumbai Indians,Kolkata Knight Riders,Mumbai Indians,102 runs,Kolkata
2019-02-05,Mumbai Indians,Sunrisers Hyderabad,Mumbai Indians,0 runs,Mumbai
2019-03-04,Mumbai Indians,Chennai Super Kings,Mumbai Indians,37 runs,Mumbai
2019-04-15,Royal Challengers Bangalore,Mumbai Indians,Mumbai Indians,5 wickets,Mumbai
2019-04-18,Mumbai Indians,Delhi Capitals,Mumbai Indians,40 runs,Delhi
2019-04-26,Mumbai Indians,Chennai Super Kings,Mumbai Indians,46 runs,Chennai
2019-05-05,Kolkata Knight Riders,Mumbai Indians,Mumbai Indians,9 wickets,Mumbai
2019-06-04,Mumbai Indians,Sunrisers Hyderabad,Mumbai Indians,40 runs,Hyderabad
2019-07-05,Chennai Super Kings,Mumbai Indians,Mumbai Indians,6 wickets,Chennai
2019-10-04,Kings XI Punjab,Mumbai Indians,Mumbai Indians,3 wickets,Mumbai
2019-12-05,Mumbai Indians,Chennai Super Kings,Mumbai Indians,1 runs,Hyderabad
2011-04-10,Kings XI Punjab,Pune Warriors,Pune Warriors,7 wickets,Mumbai
2011-04-13,Kochi Tuskers Kerala,Pune Warriors,Pune Warriors,4 wickets,Mumbai
2011-05-08,Kings XI Punjab,Pune Warriors,Pune Warriors,5 wickets,Chandigarh
2011-05-10,Deccan Chargers,Pune Warriors,Pune Warriors,6 wickets,Hyderabad
2012-04-06,Pune Warriors,Mumbai Indians,Pune Warriors,28 runs,Mumbai
2012-04-08,Pune Warriors,Kings XI Punjab,Pune Warriors,22 runs,Pune
2012-04-14,Chennai Super Kings,Pune Warriors,Pune Warriors,7 wickets,Pune
2012-04-21,Pune Warriors,Delhi Daredevils,Pune Warriors,20 runs,Delhi
2013-04-11,Rajasthan Royals,Pune Warriors,Pune Warriors,7 wickets,Pune
2013-04-15,Pune Warriors,Chennai Super Kings,Pune Warriors,24 runs,Chennai
2013-05-15,Pune Warriors,Kolkata Knight Riders,Pune Warriors,7 runs,Ranchi
2013-05-19,Pune Warriors,Delhi Daredevils,Pune Warriors,38 runs,Pune
2008-04-21,Kings XI Punjab,Rajasthan Royals,Rajasthan Royals,6 wickets,Jaipur
2008-04-24,Deccan Chargers,Rajasthan Royals,Rajasthan Royals,3 wickets,Hyderabad
2008-04-26,Royal Challengers Bangalore,Rajasthan Royals,Rajasthan Royals,7 wickets,Bangalore
2008-05-01,Rajasthan Royals,Kolkata Knight Riders,Rajasthan Royals,45 runs,Jaipur
2008-05-04,Chennai Super Kings,Rajasthan Royals,Rajasthan Royals,8 wickets,Jaipur
2008-05-09,Deccan Chargers,Rajasthan Royals,Rajasthan Royals,8 wickets,Jaipur
2008-05-11,Delhi Daredevils,Rajasthan Royals,Rajasthan Royals,3 wickets,Jaipur
2008-05-17,Rajasthan Royals,Royal Challengers Bangalore,Rajasthan Royals,65 runs,Jaipur
2008-05-20,Kolkata Knight Riders,Rajasthan Royals,Rajasthan Royals,6 wickets,Kolkata
2008-05-24,Rajasthan Royals,Chennai Super Kings,Rajasthan Royals,10 runs,Chennai
2008-05-26,Mumbai Indians,Rajasthan Royals,Rajasthan Royals,5 wickets,Jaipur
2008-05-30,Rajasthan Royals,Delhi Daredevils,Rajasthan Royals,105 runs,Mumbai
2008-06-01,Chennai Super Kings,Rajasthan Royals,Rajasthan Royals,3 wickets,Mumbai
2009-04-23,Rajasthan Royals,Kolkata Knight Riders,Rajasthan Royals,0 runs,Cape Town
2009-04-28,Delhi Daredevils,Rajasthan Royals,Rajasthan Royals,5 wickets,Centurion
2009-05-02,Deccan Chargers,Rajasthan Royals,Rajasthan Royals,3 wickets,Port Elizabeth
2009-05-05,Rajasthan Royals,Kings XI Punjab,Rajasthan Royals,78 runs,Durban
2009-05-07,Royal Challengers Bangalore,Rajasthan Royals,Rajasthan Royals,7 wickets,Centurion
2009-05-14,Rajasthan Royals,Mumbai Indians,Rajasthan Royals,2 runs,Durban
2010-03-20,Rajasthan Royals,Kolkata Knight Riders,Rajasthan Royals,34 runs,Ahmedabad
2010-03-24,Rajasthan Royals,Kings XI Punjab,Rajasthan Royals,31 runs,Chandigarh
2010-03-26,Deccan Chargers,Rajasthan Royals,Rajasthan Royals,8 wickets,Ahmedabad
2010-03-28,Rajasthan Royals,Chennai Super Kings,Rajasthan Royals,17 runs,Ahmedabad
2010-04-05,Rajasthan Royals,Deccan Chargers,Rajasthan Royals,2 runs,Nagpur
2010-04-07,Kings XI Punjab,Rajasthan Royals,Rajasthan Royals,9 wickets,Jaipur
2011-04-09,Deccan Chargers,Rajasthan Royals,Rajasthan Royals,8 wickets,Hyderabad
2011-04-12,Delhi Daredevils,Rajasthan Royals,Rajasthan Royals,6 wickets,Jaipur
2011-04-24,Kochi Tuskers Kerala,Rajasthan Royals,Rajasthan Royals,8 wickets,Jaipur
2011-04-29,Mumbai Indians,Rajasthan Royals,Rajasthan Royals,7 wickets,Jaipur
2011-05-01,Pune Warriors,Rajasthan Royals,Rajasthan Royals,6 wickets,Jaipur
2011-05-20,Mumbai Indians,Rajasthan Royals,Rajasthan Royals,10 wickets,Mumbai
2012-04-06,Rajasthan Royals,Kings XI Punjab,Rajasthan Royals,31 runs,Jaipur
2012-04-08,Rajasthan Royals,Kolkata Knight Riders,Rajasthan Royals,22 runs,Jaipur
2012-04-15,Rajasthan Royals,Royal Challengers Bangalore,Rajasthan Royals,59 runs,Bangalore
2012-04-17,Deccan Chargers,Rajasthan Royals,Rajasthan Royals,5 wickets,Jaipur
2012-05-05,Rajasthan Royals,Kings XI Punjab,Rajasthan Royals,43 runs,Chandigarh
2012-05-08,Pune Warriors,Rajasthan Royals,Rajasthan Royals,7 wickets,Pune
2012-05-13,Rajasthan Royals,Pune Warriors,Rajasthan Royals,45 runs,Jaipur
2013-04-06,Rajasthan Royals,Delhi Daredevils,Rajasthan Royals,5 runs,Delhi
2013-04-08,Rajasthan Royals,Kolkata Knight Riders,Rajasthan Royals,19 runs,Jaipur
2013-04-14,Kings XI Punjab,Rajasthan Royals,Rajasthan Royals,6 wickets,Jaipur
2013-04-17,Rajasthan Royals,Mumbai Indians,Rajasthan Royals,87 runs,Jaipur
2013-04-27,Sunrisers Hyderabad,Rajasthan Royals,Rajasthan Royals,8 wickets,Jaipur
2013-04-29,Royal Challengers Bangalore,Rajasthan Royals,Rajasthan Royals,4 wickets,Jaipur
2013-05-05,Pune Warriors,Rajasthan Royals,Rajasthan Royals,5 wickets,Jaipur
2013-05-07,Delhi Daredevils,Rajasthan Royals,Rajasthan Royals,9 wickets,Jaipur
2013-05-09,Kings XI Punjab,Rajasthan Royals,Rajasthan Royals,8 wickets,Chandigarh
2013-05-12,Chennai Super Kings,Rajasthan Royals,Rajasthan Royals,5 wickets,Jaipur
2013-05-22,Sunrisers Hyderabad,Rajasthan Royals,Rajasthan Royals,4 wickets,Delhi
2014-04-18,Sunrisers Hyderabad,Rajasthan Royals,Rajasthan Royals,4 wickets,Abu Dhabi
2014-04-26,Royal Challengers Bangalore,Rajasthan Royals,Rajasthan Royals,6 wickets,Abu Dhabi
2014-04-29,Rajasthan Royals,Kolkata Knight Riders,Rajasthan Royals,0 runs,Abu Dhabi
2014-05-03,Delhi Daredevils,Rajasthan Royals,Rajasthan Royals,7 wickets,Delhi
2014-05-05,Rajasthan Royals,Kolkata Knight Riders,Rajasthan Royals,10 runs,Ahmedabad
2014-05-11,Royal Challengers Bangalore,Rajasthan Royals,Rajasthan Royals,5 wickets,Bangalore
2014-05-15,Rajasthan Royals,Delhi Daredevils,Rajasthan Royals,62 runs,Ahmedabad
2015-04-10,Rajasthan Royals,Kings XI Punjab,Rajasthan Royals,26 runs,Pune
2015-04-12,Delhi Daredevils,Rajasthan Royals,Rajasthan Royals,3 wickets,Delhi
2015-04-14,Mumbai Indians,Rajasthan Royals,Rajasthan Royals,7 wickets,Ahmedabad
2015-04-16,Sunrisers Hyderabad,Rajasthan Royals,Rajasthan Royals,6 wickets,Visakhapatnam
2015-04-19,Chennai Super Kings,Rajasthan Royals,Rajasthan Royals,8 wickets,Ahmedabad
2015-05-03,Rajasthan Royals,Delhi Daredevils,Rajasthan Royals,14 runs,Mumbai
2015-05-16,Rajasthan Royals,Kolkata Knight Riders,Rajasthan Royals,9 runs,Mumbai
2018-04-15,Rajasthan Royals,Royal Challengers Bangalore,Rajasthan Royals,19 runs,Bengaluru
2018-04-22,Mumbai Indians,Rajasthan Royals,Rajasthan Royals,3 wickets,Jaipur
2018-05-13,Mumbai Indians,Rajasthan Royals,Rajasthan Royals,7 wickets,Mumbai
2018-05-19,Rajasthan Royals,Royal Challengers Bangalore,Rajasthan Royals,30 runs,Jaipur
2018-08-05,Rajasthan Royals,Kings XI Punjab,Rajasthan Royals,15 runs,Jaipur
2018-11-04,Rajasthan Royals,Delhi Daredevils,Rajasthan Royals,10 runs,Jaipur
2018-11-05,Chennai Super Kings,Rajasthan Royals,Rajasthan Royals,4 wickets,Jaipur
2019-02-04,Royal Challengers Bangalore,Rajasthan Royals,Rajasthan Royals,7 wickets,Jaipur
2019-04-13,Mumbai Indians,Rajasthan Royals,Rajasthan Royals,4 wickets,Mumbai
2019-04-20,Mumbai Indians,Rajasthan Royals,Rajasthan Royals,5 wickets,Jaipur
2019-04-25,Kolkata Knight Riders,Rajasthan Royals,Rajasthan Royals,3 wickets,Kolkata
2019-04-27,Sunrisers Hyderabad,Rajasthan Royals,Rajasthan Royals,7 wickets,Jaipur
2017-04-06,Mumbai Indians,Rising Pune Supergiant,Rising Pune Supergiant,7 wickets,Pune
2017-04-16,Rising Pune Supergiant,Royal Challengers Bangalore,Rising Pune Supergiant,27 runs,Bangalore
2017-04-22,Sunrisers Hyderabad,Rising Pune Supergiant,Rising Pune Supergiant,6 wickets,Pune
2017-04-24,Rising Pune Supergiant,Mumbai Indians,Rising Pune Supergiant,3 runs,Mumbai
2017-04-29,Rising Pune Supergiant,Royal Challengers Bangalore,Rising Pune Supergiant,61 runs,Pune
2017-05-01,Gujarat Lions,Rising Pune Supergiant,Rising Pune Supergiant,5 wickets,Pune
2017-05-03,Kolkata Knight Riders,Rising Pune Supergiant,Rising Pune Supergiant,4 wickets,Kolkata
2017-05-06,Rising Pune Supergiant,Sunrisers Hyderabad,Rising Pune Supergiant,12 runs,Hyderabad
2017-05-14,Kings XI Punjab,Rising Pune Supergiant,Rising Pune Supergiant,9 wickets,Pune
2017-05-16,Rising Pune Supergiant,Mumbai Indians,Rising Pune Supergiant,20 runs,Mumbai
2016-04-09,Mumbai Indians,Rising Pune Supergiants,Rising Pune Supergiants,9 wickets,Mumbai
2016-04-26,Sunrisers Hyderabad,Rising Pune Supergiants,Rising Pune Supergiants,34 runs,Hyderabad
2016-05-05,Delhi Daredevils,Rising Pune Supergiants,Rising Pune Supergiants,7 wickets,Delhi
2016-05-17,Delhi Daredevils,Rising Pune Supergiants,Rising Pune Supergiants,19 runs,Visakhapatnam
2016-05-21,Kings XI Punjab,Rising Pune Supergiants,Rising Pune Supergiants,4 wickets,Visakhapatnam
2008-04-20,Mumbai Indians,Royal Challengers Bangalore,Royal Challengers Bangalore,5 wickets,Mumbai
2008-05-03,Royal Challengers Bangalore,Deccan Chargers,Royal Challengers Bangalore,3 runs,Bangalore
2008-05-21,Royal Challengers Bangalore,Chennai Super Kings,Royal Challengers Bangalore,14 runs,Chennai
2008-05-25,Deccan Chargers,Royal Challengers Bangalore,Royal Challengers Bangalore,5 wickets,Hyderabad
2009-04-18,Royal Challengers Bangalore,Rajasthan Royals,Royal Challengers Bangalore,75 runs,Cape Town
2009-04-29,Kolkata Knight Riders,Royal Challengers Bangalore,Royal Challengers Bangalore,5 wickets,Durban
2009-05-01,Royal Challengers Bangalore,Kings XI Punjab,Royal Challengers Bangalore,8 runs,Durban
2009-05-03,Mumbai Indians,Royal Challengers Bangalore,Royal Challengers Bangalore,9 wickets,Johannesburg
2009-05-12,Kolkata Knight Riders,Royal Challengers Bangalore,Royal Challengers Bangalore,6 wickets,Centurion
2009-05-14,Chennai Super Kings,Royal Challengers Bangalore,Royal Challengers Bangalore,2 wickets,Durban
2009-05-19,Delhi Daredevils,Royal Challengers Bangalore,Royal Challengers Bangalore,7 wickets,Johannesburg
2009-05-21,Royal Challengers Bangalore,Deccan Chargers,Royal Challengers Bangalore,12 runs,Centurion
2009-05-23,Chennai Super Kings,Royal Challengers Bangalore,Royal Challengers Bangalore,6 wickets,Johannesburg
2010-03-16,Kings XI Punjab,Royal Challengers Bangalore,Royal Challengers Bangalore,8 wickets,Bangalore
2010-03-18,Rajasthan Royals,Royal Challengers Bangalore,Royal Challengers Bangalore,10 wickets,Bangalore
2010-03-20,Mumbai Indians,Royal Challengers Bangalore,Royal Challengers Bangalore,7 wickets,Mumbai
2010-03-23,Royal Challengers Bangalore,Chennai Super Kings,Royal Challengers Bangalore,36 runs,Bangalore
2010-04-02,Kings XI Punjab,Royal Challengers Bangalore,Royal Challengers Bangalore,6 wickets,Chandigarh
2010-04-10,Kolkata Knight Riders,Royal Challengers Bangalore,Royal Challengers Bangalore,7 wickets,Bangalore
2010-04-14,Rajasthan Royals,Royal Challengers Bangalore,Royal Challengers Bangalore,5 wickets,Jaipur
2010-04-24,Deccan Chargers,Royal Challengers Bangalore,Royal Challengers Bangalore,9 wickets,Mumbai
2011-04-09,Kochi Tuskers Kerala,Royal Challengers Bangalore,Royal Challengers Bangalore,6 wickets,Kochi
2011-04-22,Kolkata Knight Riders,Royal Challengers Bangalore,Royal Challengers Bangalore,9 wickets,Kolkata
2011-04-26,Delhi Daredevils,Royal Challengers Bangalore,Royal Challengers Bangalore,3 wickets,Delhi
2011-04-29,Royal Challengers Bangalore,Pune Warriors,Royal Challengers Bangalore,26 runs,Bangalore
2011-05-06,Royal Challengers Bangalore,Kings XI Punjab,Royal Challengers Bangalore,85 runs,Bangalore
2011-05-08,Kochi Tuskers Kerala,Royal Challengers Bangalore,Royal Challengers Bangalore,9 wickets,Bangalore
2011-05-11,Rajasthan Royals,Royal Challengers Bangalore,Royal Challengers Bangalore,9 wickets,Jaipur
2011-05-14,Kolkata Knight Riders,Royal Challengers Bangalore,Royal Challengers Bangalore,4 wickets,Bangalore
2011-05-22,Chennai Super Kings,Royal Challengers Bangalore,Royal Challengers Bangalore,8 wickets,Bangalore
2011-05-27,Royal Challengers Bangalore,Mumbai Indians,Royal Challengers Bangalore,43 runs,Chennai
2012-04-07,Royal Challengers Bangalore,Delhi Daredevils,Royal Challengers Bangalore,20 runs,Bangalore
2012-04-17,Pune Warriors,Royal Challengers Bangalore,Royal Challengers Bangalore,6 wickets,Bangalore
2012-04-20,Kings XI Punjab,Royal Challengers Bangalore,Royal Challengers Bangalore,5 wickets,Chandigarh
2012-04-23,Royal Challengers Bangalore,Rajasthan Royals,Royal Challengers Bangalore,46 runs,Jaipur
2012-05-06,Deccan Chargers,Royal Challengers Bangalore,Royal Challengers Bangalore,5 wickets,Bangalore
2012-05-09,Mumbai Indians,Royal Challengers Bangalore,Royal Challengers Bangalore,9 wickets,Mumbai
2012-05-11,Royal Challengers Bangalore,Pune Warriors,Royal Challengers Bangalore,35 runs,Pune
2012-05-17,Royal Challengers Bangalore,Delhi Daredevils,Royal Challengers Bangalore,21 runs,Delhi
2013-04-04,Royal Challengers Bangalore,Mumbai Indians,Royal Challengers Bangalore,2 runs,Bangalore
2013-04-09,Sunrisers Hyderabad,Royal Challengers Bangalore,Royal Challengers Bangalore,7 wickets,Bangalore
2013-04-11,Kolkata Knight Riders,Royal Challengers Bangalore,Royal Challengers Bangalore,8 wickets,Bangalore
2013-04-16,Delhi Daredevils,Royal Challengers Bangalore,Royal Challengers Bangalore,0 runs,Bangalore
2013-04-20,Rajasthan Royals,Royal Challengers Bangalore,Royal Challengers Bangalore,7 wickets,Bangalore
2013-04-23,Royal Challengers Bangalore,Pune Warriors,Royal Challengers Bangalore,130 runs,Bangalore
2013-05-02,Royal Challengers Bangalore,Pune Warriors,Royal Challengers Bangalore,17 runs,Pune
2013-05-10,Royal Challengers Bangalore,Delhi Daredevils,Royal Challengers Bangalore,4 runs,Delhi
2013-05-18,Royal Challengers Bangalore,Chennai Super Kings,Royal Challengers Bangalore,24 runs,Bangalore
2014-04-17,Delhi Daredevils,Royal Challengers Bangalore,Royal Challengers Bangalore,8 wickets,Sharjah
2014-04-19,Mumbai Indians,Royal Challengers Bangalore,Royal Challengers Bangalore,7 wickets,Bengaluru
2014-05-04,Sunrisers Hyderabad,Royal Challengers Bangalore,Royal Challengers Bangalore,4 wickets,Bangalore
2014-05-13,Royal Challengers Bangalore,Delhi Daredevils,Royal Challengers Bangalore,16 runs,Bangalore
2014-05-18,Chennai Super Kings,Royal Challengers Bangalore,Royal Challengers Bangalore,5 wickets,Ranchi
2015-04-11,Kolkata Knight Riders,Royal Challengers Bangalore,Royal Challengers Bangalore,3 wickets,Kolkata
2015-04-24,Rajasthan Royals,Royal Challengers Bangalore,Royal Challengers Bangalore,9 wickets,Ahmedabad
2015-04-26,Delhi Daredevils,Royal Challengers Bangalore,Royal Challengers Bangalore,10 wickets,Delhi
2015-05-02,Kolkata Knight Riders,Royal Challengers Bangalore,Royal Challengers Bangalore,7 wickets,Bangalore
2015-05-06,Royal Challengers Bangalore,Kings XI Punjab,Royal Challengers Bangalore,138 runs,Bangalore
2015-05-10,Royal Challengers Bangalore,Mumbai Indians,Royal Challengers Bangalore,39 runs,Mumbai
2015-05-15,Sunrisers Hyderabad,Royal Challengers Bangalore,Royal Challengers Bangalore,6 wickets,Hyderabad
2015-05-20,Royal Challengers Bangalore,Rajasthan Royals,Royal Challengers Bangalore,71 runs,Pune
2016-04-12,Royal Challengers Bangalore,Sunrisers Hyderabad,Royal Challengers Bangalore,45 runs,Bangalore
2016-04-22,Royal Challengers Bangalore,Rising Pune Supergiants,Royal Challengers Bangalore,13 runs,Pune
2016-05-07,Rising Pune Supergiants,Royal Challengers Bangalore,Royal Challengers Bangalore,7 wickets,Bangalore
2016-05-09,Royal Challengers Bangalore,Kings XI Punjab,Royal Challengers Bangalore,1 runs,Chandigarh
2016-05-14,Royal Challengers Bangalore,Gujarat Lions,Royal Challengers Bangalore,144 runs,Bangalore
2016-05-16,Kolkata Knight Riders,Royal Challengers Bangalore,Royal Challengers Bangalore,9 wickets,Kolkata
2016-05-18,Royal Challengers Bangalore,Kings XI Punjab,Royal Challengers Bangalore,82 runs,Bangalore
2016-05-22,Delhi Daredevils,Royal Challengers Bangalore,Royal Challengers Bangalore,6 wickets,Raipur
2016-05-24,Gujarat Lions,Royal Challengers Bangalore,Royal Challengers Bangalore,4 wickets,Bangalore
2017-04-08,Royal Challengers Bangalore,Delhi Daredevils,Royal Challengers Bangalore,15 runs,Bangalore
2017-04-18,Royal Challengers Bangalore,Gujarat Lions,Royal Challengers Bangalore,21 runs,Rajkot
2017-05-14,Royal Challengers Bangalore,Delhi Daredevils,Royal Challengers Bangalore,10 runs,Delhi
2018-01-05,Royal Challengers Bangalore,Mumbai Indians,Royal Challengers Bangalore,14 runs,Bengaluru
2018-04-13,Kings XI Punjab,Royal Challengers Bangalore,Royal Challengers Bangalore,4 wickets,Bengaluru
2018-04-21,Delhi Daredevils,Royal Challengers Bangalore,Royal Challengers Bangalore,6 wickets,Bengaluru
2018-05-14,Kings XI Punjab,Royal Challengers Bangalore,Royal Challengers Bangalore,10 wickets,Indore
2018-05-17,Royal Challengers Bangalore,Sunrisers Hyderabad,Royal Challengers Bangalore,14 runs,Bengaluru
2018-12-05,Delhi Daredevils,Royal Challengers Bangalore,Royal Challengers Bangalore,5 wickets,Delhi
2019-04-05,Sunrisers Hyderabad,Royal Challengers Bangalore,Royal Challengers Bangalore,4 wickets,Bengaluru
2019-04-13,Kings XI Punjab,Royal Challengers Bangalore,Royal Challengers Bangalore,8 wickets,Mohali
2019-04-19,Royal Challengers Bangalore,Kolkata Knight Riders,Royal Challengers Bangalore,10 runs,Kolkata
2019-04-21,Royal Challengers Bangalore,Chennai Super Kings,Royal Challengers Bangalore,1 runs,Bengaluru
2019-04-24,Royal Challengers Bangalore,Kings XI Punjab,Royal Challengers Bangalore,17 runs,Bengaluru
2013-04-05,Sunrisers Hyderabad,Pune Warriors,Sunrisers Hyderabad,22 runs,Hyderabad
2013-04-07,Royal Challengers Bangalore,Sunrisers Hyderabad,Sunrisers Hyderabad,0 runs,Hyderabad
2013-04-12,Delhi Daredevils,Sunrisers Hyderabad,Sunrisers Hyderabad,3 wickets,Delhi
2013-04-17,Sunrisers Hyderabad,Pune Warriors,Sunrisers Hyderabad,11 runs,Pune
2013-04-19,Kings XI Punjab,Sunrisers Hyderabad,Sunrisers Hyderabad,5 wickets,Hyderabad
2013-05-01,Mumbai Indians,Sunrisers Hyderabad,Sunrisers Hyderabad,7 wickets,Hyderabad
2013-05-04,Delhi Daredevils,Sunrisers Hyderabad,Sunrisers Hyderabad,6 wickets,Hyderabad
2013-05-11,Sunrisers Hyderabad,Kings XI Punjab,Sunrisers Hyderabad,30 runs,Chandigarh
2013-05-17,Sunrisers Hyderabad,Rajasthan Royals,Sunrisers Hyderabad,23 runs,Hyderabad
2013-05-19,Kolkata Knight Riders,Sunrisers Hyderabad,Sunrisers Hyderabad,5 wickets,Hyderabad
2014-04-25,Sunrisers Hyderabad,Delhi Daredevils,Sunrisers Hyderabad,4 runs,Dubai
2014-04-30,Sunrisers Hyderabad,Mumbai Indians,Sunrisers Hyderabad,15 runs,Dubai
2014-05-08,Sunrisers Hyderabad,Rajasthan Royals,Sunrisers Hyderabad,32 runs,Ahmedabad
2014-05-10,Delhi Daredevils,Sunrisers Hyderabad,Sunrisers Hyderabad,8 wickets,Delhi
2014-05-20,Royal Challengers Bangalore,Sunrisers Hyderabad,Sunrisers Hyderabad,7 wickets,Hyderabad
2014-05-22,Chennai Super Kings,Sunrisers Hyderabad,Sunrisers Hyderabad,6 wickets,Ranchi
2015-04-13,Royal Challengers Bangalore,Sunrisers Hyderabad,Sunrisers Hyderabad,8 wickets,Bangalore
2015-04-22,Sunrisers Hyderabad,Kolkata Knight Riders,Sunrisers Hyderabad,16 runs,Visakhapatnam
2015-04-27,Sunrisers Hyderabad,Kings XI Punjab,Sunrisers Hyderabad,20 runs,Chandigarh
2015-05-02,Sunrisers Hyderabad,Chennai Super Kings,Sunrisers Hyderabad,22 runs,Hyderabad
2015-05-07,Sunrisers Hyderabad,Rajasthan Royals,Sunrisers Hyderabad,7 runs,Mumbai
2015-05-09,Sunrisers Hyderabad,Delhi Daredevils,Sunrisers Hyderabad,6 runs,Raipur
2015-05-11,Sunrisers Hyderabad,Kings XI Punjab,Sunrisers Hyderabad,5 runs,Hyderabad
2016-04-18,Mumbai Indians,Sunrisers Hyderabad,Sunrisers Hyderabad,7 wickets,Hyderabad
2016-04-21,Gujarat Lions,Sunrisers Hyderabad,Sunrisers Hyderabad,10 wickets,Rajkot
2016-04-23,Kings XI Punjab,Sunrisers Hyderabad,Sunrisers Hyderabad,5 wickets,Hyderabad
2016-04-30,Sunrisers Hyderabad,Royal Challengers Bangalore,Sunrisers Hyderabad,15 runs,Hyderabad
2016-05-06,Gujarat Lions,Sunrisers Hyderabad,Sunrisers Hyderabad,5 wickets,Hyderabad
2016-05-08,Sunrisers Hyderabad,Mumbai Indians,Sunrisers Hyderabad,85 runs,Visakhapatnam
2016-05-10,Sunrisers Hyderabad,Rising Pune Supergiants,Sunrisers Hyderabad,4 runs,Visakhapatnam
2016-05-15,Kings XI Punjab,Sunrisers Hyderabad,Sunrisers Hyderabad,7 wickets,Chandigarh
2016-05-25,Sunrisers Hyderabad,Kolkata Knight Riders,Sunrisers Hyderabad,22 runs,Delhi
2016-05-27,Gujarat Lions,Sunrisers Hyderabad,Sunrisers Hyderabad,4 wickets,Delhi
2016-05-29,Sunrisers Hyderabad,Royal Challengers Bangalore,Sunrisers Hyderabad,8 runs,Bangalore
2017-04-05,Sunrisers Hyderabad,Royal Challengers Bangalore,Sunrisers Hyderabad,35 runs,Hyderabad
2017-04-09,Gujarat Lions,Sunrisers Hyderabad,Sunrisers Hyderabad,9 wickets,Hyderabad
2017-04-17,Sunrisers Hyderabad,Kings XI Punjab,Sunrisers Hyderabad,5 runs,Hyderabad
2017-04-19,Sunrisers Hyderabad,Delhi Daredevils,Sunrisers Hyderabad,15 runs,Hyderabad
2017-04-28,Sunrisers Hyderabad,Kings XI Punjab,Sunrisers Hyderabad,26 runs,Chandigarh
2017-04-30,Sunrisers Hyderabad,Kolkata Knight Riders,Sunrisers Hyderabad,48 runs,Hyderabad
2017-05-08,Mumbai Indians,Sunrisers Hyderabad,Sunrisers Hyderabad,7 wickets,Hyderabad
2017-05-13,Gujarat Lions,Sunrisers Hyderabad,Sunrisers Hyderabad,8 wickets,Kanpur
2018-04-14,Kolkata Knight Riders,Sunrisers Hyderabad,Sunrisers Hyderabad,5 wickets,Kolkata
2018-04-24,Sunrisers Hyderabad,Mumbai Indians,Sunrisers Hyderabad,31 runs,Mumbai
2018-04-26,Sunrisers Hyderabad,Kings XI Punjab,Sunrisers Hyderabad,13 runs,Hyderabad
2018-04-29,Sunrisers Hyderabad,Rajasthan Royals,Sunrisers Hyderabad,11 runs,Jaipur
2018-05-05,Delhi Daredevils,Sunrisers Hyderabad,Sunrisers Hyderabad,7 wickets,Hyderabad
2018-05-25,Sunrisers Hyderabad,Kolkata Knight Riders,Sunrisers Hyderabad,14 runs,Kolkata
2018-05-29,Rajasthan Royals,Sunrisers Hyderabad,Sunrisers Hyderabad,5 wickets,Hyderabad
2018-05-31,Sunrisers Hyderabad,Royal Challengers Bangalore,Sunrisers Hyderabad,118 runs,Hyderabad
2018-07-05,Sunrisers Hyderabad,Royal Challengers Bangalore,Sunrisers Hyderabad,5 runs,Hyderabad
2018-09-04,Rajasthan Royals,Sunrisers Hyderabad,Sunrisers Hyderabad,9 wickets,Hyderabad
2018-10-05,Delhi Daredevils,Sunrisers Hyderabad,Sunrisers Hyderabad,9 wickets,Delhi
2018-12-04,Mumbai Indians,Sunrisers Hyderabad,Sunrisers Hyderabad,1 wickets,Hyderabad
2019-04-04,Delhi Capitals,Sunrisers Hyderabad,Sunrisers Hyderabad,5 wickets,Delhi
2019-04-17,Chennai Super Kings,Sunrisers Hyderabad,Sunrisers Hyderabad,6 wickets,Hyderabad
2019-04-21,Kolkata Knight Riders,Sunrisers Hyderabad,Sunrisers Hyderabad,9 wickets,Hyderabad
2019-04-29,Sunrisers Hyderabad,Kings XI Punjab,Sunrisers Hyderabad,45 runs,Hyderabad
2011-05-21,Delhi Daredevils,Pune Warriors,Pune Warriors,0 runs,Delhi
2015-04-29,Royal Challengers Bangalore,Rajasthan Royals,Rajasthan Royals,0 runs,Bangalore
2015-05-17,Delhi Daredevils,Royal Challengers Bangalore,Delhi Daredevils,0 runs,Bangalore
2019-04-30,Royal Challengers Bangalore,Rajasthan Royals,Royal Challengers Bangalore,0 runs,Bengaluru